suite,label,space_m,node_count,packet_size_bits,initial_energy_j,pso_c1,pso_c2,pso_omega,transmission_range_m,cluster_head_ratio,eulc_candidate_ratio,alpha_weight,beta_weight,gamma_weight,pso_particles,pso_iterations,runs,seed_start,seed_end,max_rounds,fnd_mean,fnd_std,fnd_min,fnd_max,fnd_cv_pct,residual_energy_pct_at_fnd,dead_nodes_pct_at_fnd,packets_received_mean,elapsed_sec
omega_by_node_v2,omega=0.35,500,1000,6400,0.5,1.5,1.5,0.35,150.0,0.2,0.4,0.6,0.25,0.15,4,3,5,172,176,6000,786,55.02,680,838,7.0,44.4,0.1,157227,32.27
omega_by_node_v2,omega=0.5,500,1000,6400,0.5,1.5,1.5,0.5,150.0,0.2,0.4,0.6,0.25,0.15,4,3,5,172,176,6000,832.6,43.2509,797,914,5.1947,41.08,0.1,166543,28.7
omega_by_node_v2,omega=0.65,500,1000,6400,0.5,1.5,1.5,0.65,150.0,0.2,0.4,0.6,0.25,0.15,4,3,5,172,176,6000,820.2,33.5762,756,851,4.0937,41.95,0.12,164062.6,28.99
omega_by_node_v2,omega=0.8,500,1000,6400,0.5,1.5,1.5,0.8,150.0,0.2,0.4,0.6,0.25,0.15,4,3,5,172,176,6000,792.8,44.5753,737,854,5.6225,43.89,0.1,158583,29.05
candidate_by_node_v2,candidate=0.2,500,1000,6400,0.5,1.5,1.5,0.65,150.0,0.2,0.2,0.6,0.25,0.15,4,3,5,172,176,6000,786.6,52.0945,699,855,6.6227,44.36,0.1,150978.6,16.43
candidate_by_node_v2,candidate=0.3,500,1000,6400,0.5,1.5,1.5,0.65,150.0,0.2,0.3,0.6,0.25,0.15,4,3,5,172,176,6000,809.4,72.2429,680,896,8.9255,42.72,0.1,161907,27.15
candidate_by_node_v2,candidate=0.4,500,1000,6400,0.5,1.5,1.5,0.65,150.0,0.2,0.4,0.6,0.25,0.15,4,3,5,172,176,6000,820.2,33.5762,756,851,4.0937,41.95,0.12,164062.6,26.86
candidate_by_node_v2,candidate=0.5,500,1000,6400,0.5,1.5,1.5,0.65,150.0,0.2,0.5,0.6,0.25,0.15,4,3,5,172,176,6000,793.8,62.863,699,896,7.9193,43.82,0.1,158759,27.14
ch_ratio_by_node_v2,Pc=0.1,500,1000,6400,0.5,1.5,1.5,0.65,150.0,0.1,0.4,0.6,0.25,0.15,4,3,5,172,176,6000,650.4,52.9173,558,717,8.1361,54.0,0.1,65343,11.46
ch_ratio_by_node_v2,Pc=0.15,500,1000,6400,0.5,1.5,1.5,0.65,150.0,0.15,0.4,0.6,0.25,0.15,4,3,5,172,176,6000,754.8,49.0812,698,816,6.5025,46.6,0.12,113310.8,19.27
ch_ratio_by_node_v2,Pc=0.2,500,1000,6400,0.5,1.5,1.5,0.65,150.0,0.2,0.4,0.6,0.25,0.15,4,3,5,172,176,6000,820.2,33.5762,756,851,4.0937,41.95,0.12,164062.6,26.51
ch_ratio_by_node_v2,Pc=0.25,500,1000,6400,0.5,1.5,1.5,0.65,150.0,0.25,0.4,0.6,0.25,0.15,4,3,5,172,176,6000,828.8,32.2329,773,860,3.8891,41.33,0.1,207223,31.68
ch_ratio_by_node_v2,Pc=0.3,500,1000,6400,0.5,1.5,1.5,0.65,150.0,0.3,0.4,0.6,0.25,0.15,4,3,5,172,176,6000,822.6,70.7491,700,916,8.6007,41.74,0.1,246783,39.88
weight_by_node_v2,default,500,1000,6400,0.5,1.5,1.5,0.65,150.0,0.2,0.4,0.6,0.25,0.15,4,3,5,172,176,6000,820.2,33.5762,756,851,4.0937,41.95,0.12,164062.6,26.87
weight_by_node_v2,energy-focused,500,1000,6400,0.5,1.5,1.5,0.65,150.0,0.2,0.4,0.75,0.15,0.1,4,3,5,172,176,6000,768.4,31.6139,720,818,4.1143,45.63,0.1,153683.2,25.01
weight_by_node_v2,distance-focused,500,1000,6400,0.5,1.5,1.5,0.65,150.0,0.2,0.4,0.45,0.45,0.1,4,3,5,172,176,6000,787.6,53.0532,719,859,6.7361,44.27,0.1,157567,26.24
weight_by_node_v2,degree-focused,500,1000,6400,0.5,1.5,1.5,0.65,150.0,0.2,0.4,0.45,0.15,0.4,4,3,5,172,176,6000,787.4,52.0984,699,840,6.6165,44.29,0.1,157511,25.18
weight_by_node_v2,balanced,500,1000,6400,0.5,1.5,1.5,0.65,150.0,0.2,0.4,0.34,0.33,0.33,4,3,5,172,176,6000,798.8,33.594,758,838,4.2056,43.47,0.1,159774.8,25.98
omega_by_node_v2,omega=0.35,500,1500,6400,0.5,1.5,1.5,0.35,150.0,0.2,0.4,0.6,0.25,0.15,4,3,5,172,176,6000,678.4,61.1379,596,759,9.0121,52.0,0.07,203555,38.59
omega_by_node_v2,omega=0.5,500,1500,6400,0.5,1.5,1.5,0.5,150.0,0.2,0.4,0.6,0.25,0.15,4,3,5,172,176,6000,663.2,96.1195,560,820,14.4933,53.08,0.07,198995,39.97
omega_by_node_v2,omega=0.65,500,1500,6400,0.5,1.5,1.5,0.65,150.0,0.2,0.4,0.6,0.25,0.15,4,3,5,172,176,6000,785.4,67.6154,655,839,8.609,44.42,0.07,235655,44.02
omega_by_node_v2,omega=0.8,500,1500,6400,0.5,1.5,1.5,0.8,150.0,0.2,0.4,0.6,0.25,0.15,4,3,5,172,176,6000,717.8,103.9431,558,839,14.4808,49.2,0.07,215375,41.48
candidate_by_node_v2,candidate=0.2,500,1500,6400,0.5,1.5,1.5,0.65,150.0,0.2,0.2,0.6,0.25,0.15,4,3,5,172,176,6000,293.2,298.7249,40,660,101.8843,79.26,0.07,84585,17.62
candidate_by_node_v2,candidate=0.3,500,1500,6400,0.5,1.5,1.5,0.65,150.0,0.2,0.3,0.6,0.25,0.15,4,3,5,172,176,6000,757.2,34.4697,696,798,4.5523,46.41,0.08,227178.6,40.49
candidate_by_node_v2,candidate=0.4,500,1500,6400,0.5,1.5,1.5,0.65,150.0,0.2,0.4,0.6,0.25,0.15,4,3,5,172,176,6000,785.4,67.6154,655,839,8.609,44.42,0.07,235655,43.69
candidate_by_node_v2,candidate=0.5,500,1500,6400,0.5,1.5,1.5,0.65,150.0,0.2,0.5,0.6,0.25,0.15,4,3,5,172,176,6000,751.2,52.6665,680,820,7.011,46.83,0.08,225370.8,50.34
ch_ratio_by_node_v2,Pc=0.1,500,1500,6400,0.5,1.5,1.5,0.65,150.0,0.1,0.4,0.6,0.25,0.15,4,3,5,172,176,6000,652.6,29.5337,596,677,4.5255,53.85,0.08,98108.8,23.73
ch_ratio_by_node_v2,Pc=0.15,500,1500,6400,0.5,1.5,1.5,0.65,150.0,0.15,0.4,0.6,0.25,0.15,4,3,5,172,176,6000,751.4,41.2631,699,800,5.4915,46.84,0.07,169160,36.56
ch_ratio_by_node_v2,Pc=0.2,500,1500,6400,0.5,1.5,1.5,0.65,150.0,0.2,0.4,0.6,0.25,0.15,4,3,5,172,176,6000,785.4,67.6154,655,839,8.609,44.42,0.07,235655,44.2
ch_ratio_by_node_v2,Pc=0.25,500,1500,6400,0.5,1.5,1.5,0.65,150.0,0.25,0.4,0.6,0.25,0.15,4,3,5,172,176,6000,735,29.4007,679,760,4.0001,47.97,0.07,275627.8,48.59
ch_ratio_by_node_v2,Pc=0.3,500,1500,6400,0.5,1.5,1.5,0.65,150.0,0.3,0.4,0.6,0.25,0.15,4,3,5,172,176,6000,671.2,39.0405,618,738,5.8165,52.47,0.07,302039,53.61
weight_by_node_v2,default,500,1500,6400,0.5,1.5,1.5,0.65,150.0,0.2,0.4,0.6,0.25,0.15,4,3,5,172,176,6000,785.4,67.6154,655,839,8.609,44.42,0.07,235655,43.34
weight_by_node_v2,energy-focused,500,1500,6400,0.5,1.5,1.5,0.65,150.0,0.2,0.4,0.75,0.15,0.1,4,3,5,172,176,6000,698,58.8795,600,759,8.4355,50.61,0.07,209447,39.9
weight_by_node_v2,distance-focused,500,1500,6400,0.5,1.5,1.5,0.65,150.0,0.2,0.4,0.45,0.45,0.1,4,3,5,172,176,6000,758.4,76.4005,660,854,10.0739,46.33,0.07,227563,43.75
weight_by_node_v2,degree-focused,500,1500,6400,0.5,1.5,1.5,0.65,150.0,0.2,0.4,0.45,0.15,0.4,4,3,5,172,176,6000,730,20.4744,699,757,2.8047,48.35,0.07,219006.8,39.45
weight_by_node_v2,balanced,500,1500,6400,0.5,1.5,1.5,0.65,150.0,0.2,0.4,0.34,0.33,0.33,4,3,5,172,176,6000,718,71.4507,617,818,9.9513,49.21,0.07,215419,41.33
omega_by_node_v2,omega=0.35,500,2000,6400,0.5,1.5,1.5,0.35,150.0,0.2,0.4,0.6,0.25,0.15,4,3,5,172,176,6000,710.4,78.3954,558,775,11.0354,49.76,0.05,284174.8,61.06
omega_by_node_v2,omega=0.5,500,2000,6400,0.5,1.5,1.5,0.5,150.0,0.2,0.4,0.6,0.25,0.15,4,3,5,172,176,6000,682.8,38.8505,620,740,5.6899,51.72,0.05,273135,56.13
omega_by_node_v2,omega=0.65,500,2000,6400,0.5,1.5,1.5,0.65,150.0,0.2,0.4,0.6,0.25,0.15,4,3,5,172,176,6000,694.2,48.9547,618,741,7.052,50.91,0.05,277695.2,57.75
omega_by_node_v2,omega=0.8,500,2000,6400,0.5,1.5,1.5,0.8,150.0,0.2,0.4,0.6,0.25,0.15,4,3,5,172,176,6000,676.4,52.7848,614,756,7.8038,52.17,0.05,270575,57.91
candidate_by_node_v2,candidate=0.2,500,2000,6400,0.5,1.5,1.5,0.65,150.0,0.2,0.2,0.6,0.25,0.15,4,3,5,172,176,6000,170,254.5624,36,679,149.7426,87.99,0.05,65171,20.97
candidate_by_node_v2,candidate=0.3,500,2000,6400,0.5,1.5,1.5,0.65,150.0,0.2,0.3,0.6,0.25,0.15,4,3,5,172,176,6000,706.2,30.9542,677,760,4.3832,50.06,0.05,282487,55.49
candidate_by_node_v2,candidate=0.4,500,2000,6400,0.5,1.5,1.5,0.65,150.0,0.2,0.4,0.6,0.25,0.15,4,3,5,172,176,6000,694.2,48.9547,618,741,7.052,50.91,0.05,277695.2,57.73
candidate_by_node_v2,candidate=0.5,500,2000,6400,0.5,1.5,1.5,0.65,150.0,0.2,0.5,0.6,0.25,0.15,4,3,5,172,176,6000,674.2,71.5749,598,799,10.6163,52.32,0.05,269679,60.08
ch_ratio_by_node_v2,Pc=0.1,500,2000,6400,0.5,1.5,1.5,0.65,150.0,0.1,0.4,0.6,0.25,0.15,4,3,5,172,176,6000,602.4,24.8403,560,635,4.1236,57.41,0.05,120683,29.75
ch_ratio_by_node_v2,Pc=0.15,500,2000,6400,0.5,1.5,1.5,0.65,150.0,0.15,0.4,0.6,0.25,0.15,4,3,5,172,176,6000,679.6,67.6509,558,760,9.9545,51.96,0.05,203939,45.74
ch_ratio_by_node_v2,Pc=0.2,500,2000,6400,0.5,1.5,1.5,0.65,150.0,0.2,0.4,0.6,0.25,0.15,4,3,5,172,176,6000,694.2,48.9547,618,741,7.052,50.91,0.05,277695.2,57.43
ch_ratio_by_node_v2,Pc=0.25,500,2000,6400,0.5,1.5,1.5,0.65,150.0,0.25,0.4,0.6,0.25,0.15,4,3,5,172,176,6000,666,36.7967,618,716,5.525,52.89,0.06,332998.8,65.31
ch_ratio_by_node_v2,Pc=0.3,500,2000,6400,0.5,1.5,1.5,0.65,150.0,0.3,0.4,0.6,0.25,0.15,4,3,5,172,176,6000,622.6,72.5303,480,680,11.6496,55.94,0.05,373559,74.92
weight_by_node_v2,default,500,2000,6400,0.5,1.5,1.5,0.65,150.0,0.2,0.4,0.6,0.25,0.15,4,3,5,172,176,6000,694.2,48.9547,618,741,7.052,50.91,0.05,277695.2,57.38
weight_by_node_v2,energy-focused,500,2000,6400,0.5,1.5,1.5,0.65,150.0,0.2,0.4,0.75,0.15,0.1,4,3,5,172,176,6000,690.6,32.7817,637,738,4.7468,51.16,0.07,276258.6,56.17
weight_by_node_v2,distance-focused,500,2000,6400,0.5,1.5,1.5,0.65,150.0,0.2,0.4,0.45,0.45,0.1,4,3,5,172,176,6000,702,47.1211,638,779,6.7124,50.36,0.05,280811,57.89
weight_by_node_v2,degree-focused,500,2000,6400,0.5,1.5,1.5,0.65,150.0,0.2,0.4,0.45,0.15,0.4,4,3,5,172,176,6000,694.6,54.3161,640,778,7.8198,50.88,0.05,277843,58.65
weight_by_node_v2,balanced,500,2000,6400,0.5,1.5,1.5,0.65,150.0,0.2,0.4,0.34,0.33,0.33,4,3,5,172,176,6000,738.8,62.3006,640,818,8.4327,47.75,0.05,295519,61.73
omega_by_node_v2,omega=0.35,500,2500,6400,0.5,1.5,1.5,0.35,150.0,0.2,0.4,0.6,0.25,0.15,4,3,5,172,176,6000,635.6,71.141,519,740,11.1927,55.03,0.04,317835,96.75
omega_by_node_v2,omega=0.5,500,2500,6400,0.5,1.5,1.5,0.5,150.0,0.2,0.4,0.6,0.25,0.15,4,3,5,172,176,6000,698.6,38.3958,656,758,5.4961,50.56,0.06,349334.4,94.58
omega_by_node_v2,omega=0.65,500,2500,6400,0.5,1.5,1.5,0.65,150.0,0.2,0.4,0.6,0.25,0.15,4,3,5,172,176,6000,643,68.8244,518,699,10.7036,54.5,0.05,321534.4,99.0
omega_by_node_v2,omega=0.8,500,2500,6400,0.5,1.5,1.5,0.8,150.0,0.2,0.4,0.6,0.25,0.15,4,3,5,172,176,6000,579,73.0534,519,720,12.6172,59.03,0.05,289534.8,96.35
candidate_by_node_v2,candidate=0.2,500,2500,6400,0.5,1.5,1.5,0.65,150.0,0.2,0.2,0.6,0.25,0.15,4,3,5,172,176,6000,38.8,1.1662,37,40,3.0056,97.26,0.05,18140.6,4.16
candidate_by_node_v2,candidate=0.3,500,2500,6400,0.5,1.5,1.5,0.65,150.0,0.2,0.3,0.6,0.25,0.15,4,3,5,172,176,6000,549.4,261.6934,37,735,47.6326,61.13,0.04,274711,97.65
candidate_by_node_v2,candidate=0.4,500,2500,6400,0.5,1.5,1.5,0.65,150.0,0.2,0.4,0.6,0.25,0.15,4,3,5,172,176,6000,643,68.8244,518,699,10.7036,54.5,0.05,321534.4,100.35
candidate_by_node_v2,candidate=0.5,500,2500,6400,0.5,1.5,1.5,0.65,150.0,0.2,0.5,0.6,0.25,0.15,4,3,5,172,176,6000,663.2,49.7047,579,719,7.4947,53.07,0.05,331598.8,111.51
ch_ratio_by_node_v2,Pc=0.1,500,2500,6400,0.5,1.5,1.5,0.65,150.0,0.1,0.4,0.6,0.25,0.15,4,3,5,172,176,6000,478.2,223.5839,40,637,46.7553,66.19,0.04,119693,55.0
ch_ratio_by_node_v2,Pc=0.15,500,2500,6400,0.5,1.5,1.5,0.65,150.0,0.15,0.4,0.6,0.25,0.15,4,3,5,172,176,6000,665.6,51.2703,599,753,7.7029,52.93,0.04,249663,76.31
ch_ratio_by_node_v2,Pc=0.2,500,2500,6400,0.5,1.5,1.5,0.65,150.0,0.2,0.4,0.6,0.25,0.15,4,3,5,172,176,6000,643,68.8244,518,699,10.7036,54.5,0.05,321534.4,99.74
ch_ratio_by_node_v2,Pc=0.25,500,2500,6400,0.5,1.5,1.5,0.65,150.0,0.25,0.4,0.6,0.25,0.15,4,3,5,172,176,6000,646,43.5752,579,715,6.7454,54.27,0.05,403748.8,124.94
ch_ratio_by_node_v2,Pc=0.3,500,2500,6400,0.5,1.5,1.5,0.65,150.0,0.3,0.4,0.6,0.25,0.15,4,3,5,172,176,6000,630,54.7175,579,697,8.6853,55.38,0.04,472499,148.4
weight_by_node_v2,default,500,2500,6400,0.5,1.5,1.5,0.65,150.0,0.2,0.4,0.6,0.25,0.15,4,3,5,172,176,6000,643,68.8244,518,699,10.7036,54.5,0.05,321534.4,81.77
weight_by_node_v2,energy-focused,500,2500,6400,0.5,1.5,1.5,0.65,150.0,0.2,0.4,0.75,0.15,0.1,4,3,5,172,176,6000,662.4,45.776,600,716,6.9106,53.13,0.05,331210.8,79.88
weight_by_node_v2,distance-focused,500,2500,6400,0.5,1.5,1.5,0.65,150.0,0.2,0.4,0.45,0.45,0.1,4,3,5,172,176,6000,674,62.8777,598,756,9.329,52.32,0.04,337023,79.69
weight_by_node_v2,degree-focused,500,2500,6400,0.5,1.5,1.5,0.65,150.0,0.2,0.4,0.45,0.15,0.4,4,3,5,172,176,6000,667,64.3863,580,737,9.6531,52.8,0.04,333507,78.33
weight_by_node_v2,balanced,500,2500,6400,0.5,1.5,1.5,0.65,150.0,0.2,0.4,0.34,0.33,0.33,4,3,5,172,176,6000,555.2,258.8161,39,719,46.6167,60.72,0.04,277611,75.38
omega_by_node_v2,omega=0.35,500,1000,6400,0.5,1.5,1.5,0.35,150.0,0.2,0.4,0.6,0.25,0.15,4,3,25,177,201,6000,791.08,69.6362,617,898,8.8027,44.0,0.1,158250.12,117.57
omega_by_node_v2,omega=0.5,500,1000,6400,0.5,1.5,1.5,0.5,150.0,0.2,0.4,0.6,0.25,0.15,4,3,25,177,201,6000,801,66.4548,659,937,8.2965,43.29,0.1,160234.16,117.45
omega_by_node_v2,omega=0.65,500,1000,6400,0.5,1.5,1.5,0.65,150.0,0.2,0.4,0.6,0.25,0.15,4,3,25,177,201,6000,762.72,83.7112,500,880,10.9753,46.01,0.1,152578.16,104.03
omega_by_node_v2,omega=0.8,500,1000,6400,0.5,1.5,1.5,0.8,150.0,0.2,0.4,0.6,0.25,0.15,4,3,25,177,201,6000,791.16,50.1276,660,874,6.336,43.98,0.12,158266.8,120.19
candidate_by_node_v2,candidate=0.2,500,1000,6400,0.5,1.5,1.5,0.65,150.0,0.2,0.2,0.6,0.25,0.15,4,3,25,177,201,6000,742.16,199.5402,69,875,26.8864,47.48,0.1,142564.12,64.53
candidate_by_node_v2,candidate=0.3,500,1000,6400,0.5,1.5,1.5,0.65,150.0,0.2,0.3,0.6,0.25,0.15,4,3,25,177,201,6000,803,47.2398,680,876,5.8829,43.16,0.1,160632.44,114.97
candidate_by_node_v2,candidate=0.4,500,1000,6400,0.5,1.5,1.5,0.65,150.0,0.2,0.4,0.6,0.25,0.15,4,3,25,177,201,6000,762.72,83.7112,500,880,10.9753,46.01,0.1,152578.16,108.89
candidate_by_node_v2,candidate=0.5,500,1000,6400,0.5,1.5,1.5,0.65,150.0,0.2,0.5,0.6,0.25,0.15,4,3,25,177,201,6000,774.72,73.467,580,876,9.483,45.15,0.1,154953.4,120.81
ch_ratio_by_node_v2,Pc=0.1,500,1000,6400,0.5,1.5,1.5,0.65,150.0,0.1,0.4,0.6,0.25,0.15,4,3,25,177,201,6000,629.08,50.3737,539,700,8.0075,55.5,0.1,63308.6,51.16
ch_ratio_by_node_v2,Pc=0.15,500,1000,6400,0.5,1.5,1.5,0.65,150.0,0.15,0.4,0.6,0.25,0.15,4,3,25,177,201,6000,725.28,63.5412,597,820,8.7609,48.67,0.1,108895,83.13
ch_ratio_by_node_v2,Pc=0.2,500,1000,6400,0.5,1.5,1.5,0.65,150.0,0.2,0.4,0.6,0.25,0.15,4,3,25,177,201,6000,762.72,83.7112,500,880,10.9753,46.01,0.1,152578.16,106.44
ch_ratio_by_node_v2,Pc=0.25,500,1000,6400,0.5,1.5,1.5,0.65,150.0,0.25,0.4,0.6,0.25,0.15,4,3,25,177,201,6000,800.36,66.2026,659,919,8.2716,43.31,0.1,200096.92,145.18
ch_ratio_by_node_v2,Pc=0.3,500,1000,6400,0.5,1.5,1.5,0.65,150.0,0.3,0.4,0.6,0.25,0.15,4,3,25,177,201,6000,775.24,58.6292,640,860,7.5627,45.06,0.11,232570.92,161.49
weight_by_node_v2,default,500,1000,6400,0.5,1.5,1.5,0.65,150.0,0.2,0.4,0.6,0.25,0.15,4,3,25,177,201,6000,762.72,83.7112,500,880,10.9753,46.01,0.1,152578.16,108.88
weight_by_node_v2,energy-focused,500,1000,6400,0.5,1.5,1.5,0.65,150.0,0.2,0.4,0.75,0.15,0.1,4,3,25,177,201,6000,783.32,46.1621,658,840,5.8931,44.55,0.1,156694.92,119.19
weight_by_node_v2,distance-focused,500,1000,6400,0.5,1.5,1.5,0.65,150.0,0.2,0.4,0.45,0.45,0.1,4,3,25,177,201,6000,792.28,58.2941,679,900,7.3578,43.91,0.1,158504.56,117.78
weight_by_node_v2,degree-focused,500,1000,6400,0.5,1.5,1.5,0.65,150.0,0.2,0.4,0.45,0.15,0.4,4,3,25,177,201,6000,776.6,66.3035,620,898,8.5377,45.02,0.12,155346.84,109.9
weight_by_node_v2,balanced,500,1000,6400,0.5,1.5,1.5,0.65,150.0,0.2,0.4,0.34,0.33,0.33,4,3,25,177,201,6000,786.84,59.2201,660,878,7.5263,44.29,0.1,157409.36,114.41
omega_by_node_v2,omega=0.35,500,1500,6400,0.5,1.5,1.5,0.35,150.0,0.2,0.4,0.6,0.25,0.15,4,3,25,177,201,6000,739.6,73.631,578,852,9.9555,47.68,0.07,221902.2,196.99
omega_by_node_v2,omega=0.5,500,1500,6400,0.5,1.5,1.5,0.5,150.0,0.2,0.4,0.6,0.25,0.15,4,3,25,177,201,6000,728.12,69.6743,520,857,9.5691,48.49,0.07,218458.2,162.28
omega_by_node_v2,omega=0.65,500,1500,6400,0.5,1.5,1.5,0.65,150.0,0.2,0.4,0.6,0.25,0.15,4,3,25,177,201,6000,735.28,68.1589,558,840,9.2698,47.98,0.07,220606.04,169.42
omega_by_node_v2,omega=0.8,500,1500,6400,0.5,1.5,1.5,0.8,150.0,0.2,0.4,0.6,0.25,0.15,4,3,25,177,201,6000,732.64,69.6476,518,839,9.5064,48.16,0.07,219814.2,161.5
candidate_by_node_v2,candidate=0.2,500,1500,6400,0.5,1.5,1.5,0.65,150.0,0.2,0.2,0.6,0.25,0.15,4,3,25,177,201,6000,489.32,326.8918,37,837,66.8053,65.4,0.07,141340.96,61.66
candidate_by_node_v2,candidate=0.3,500,1500,6400,0.5,1.5,1.5,0.65,150.0,0.2,0.3,0.6,0.25,0.15,4,3,25,177,201,6000,710.84,141.2883,57,820,19.8762,49.71,0.07,213282.12,142.99
candidate_by_node_v2,candidate=0.4,500,1500,6400,0.5,1.5,1.5,0.65,150.0,0.2,0.4,0.6,0.25,0.15,4,3,25,177,201,6000,735.28,68.1589,558,840,9.2698,47.98,0.07,220606.04,163.18
candidate_by_node_v2,candidate=0.5,500,1500,6400,0.5,1.5,1.5,0.65,150.0,0.2,0.5,0.6,0.25,0.15,4,3,25,177,201,6000,742.96,59.5533,618,859,8.0157,47.44,0.07,222894.08,169.5
ch_ratio_by_node_v2,Pc=0.1,500,1500,6400,0.5,1.5,1.5,0.65,150.0,0.1,0.4,0.6,0.25,0.15,4,3,25,177,201,6000,581.92,125.2942,56,719,21.5312,58.85,0.07,87529.32,71.46
ch_ratio_by_node_v2,Pc=0.15,500,1500,6400,0.5,1.5,1.5,0.65,150.0,0.15,0.4,0.6,0.25,0.15,4,3,25,177,201,6000,728.44,54.8752,637,836,7.5332,48.48,0.07,163972.36,128.03
ch_ratio_by_node_v2,Pc=0.2,500,1500,6400,0.5,1.5,1.5,0.65,150.0,0.2,0.4,0.6,0.25,0.15,4,3,25,177,201,6000,735.28,68.1589,558,840,9.2698,47.98,0.07,220606.04,162.55
ch_ratio_by_node_v2,Pc=0.25,500,1500,6400,0.5,1.5,1.5,0.65,150.0,0.25,0.4,0.6,0.25,0.15,4,3,25,177,201,6000,741.96,70.9521,559,877,9.5628,47.49,0.07,278242,198.9
ch_ratio_by_node_v2,Pc=0.3,500,1500,6400,0.5,1.5,1.5,0.65,150.0,0.3,0.4,0.6,0.25,0.15,4,3,25,177,201,6000,729.96,63.6845,579,839,8.7244,48.31,0.07,328481,234.31
weight_by_node_v2,default,500,1500,6400,0.5,1.5,1.5,0.65,150.0,0.2,0.4,0.6,0.25,0.15,4,3,25,177,201,6000,735.28,68.1589,558,840,9.2698,47.98,0.07,220606.04,162.92
weight_by_node_v2,energy-focused,500,1500,6400,0.5,1.5,1.5,0.65,150.0,0.2,0.4,0.75,0.15,0.1,4,3,25,177,201,6000,713.36,60.587,580,860,8.4932,49.53,0.07,214029.36,156.75
weight_by_node_v2,distance-focused,500,1500,6400,0.5,1.5,1.5,0.65,150.0,0.2,0.4,0.45,0.45,0.1,4,3,25,177,201,6000,715.4,70.6807,479,839,9.8799,49.39,0.07,214644.6,155.26
weight_by_node_v2,degree-focused,500,1500,6400,0.5,1.5,1.5,0.65,150.0,0.2,0.4,0.45,0.15,0.4,4,3,25,177,201,6000,745.36,73.1321,480,820,9.8117,47.27,0.07,223626.24,161.63
weight_by_node_v2,balanced,500,1500,6400,0.5,1.5,1.5,0.65,150.0,0.2,0.4,0.34,0.33,0.33,4,3,25,177,201,6000,732.76,70.8041,520,834,9.6627,48.16,0.07,219847.64,166.59
omega_by_node_v2,omega=0.35,500,2000,6400,0.5,1.5,1.5,0.35,150.0,0.2,0.4,0.6,0.25,0.15,4,3,25,177,201,6000,703.08,63.8823,518,816,9.0861,50.27,0.05,281247.04,230.3
omega_by_node_v2,omega=0.5,500,2000,6400,0.5,1.5,1.5,0.5,150.0,0.2,0.4,0.6,0.25,0.15,4,3,25,177,201,6000,707.2,56.6992,519,800,8.0174,49.98,0.05,282894.96,232.69
omega_by_node_v2,omega=0.65,500,2000,6400,0.5,1.5,1.5,0.65,150.0,0.2,0.4,0.6,0.25,0.15,4,3,25,177,201,6000,698.56,60.3351,498,800,8.6371,50.58,0.05,279438.96,235.13
omega_by_node_v2,omega=0.8,500,2000,6400,0.5,1.5,1.5,0.8,150.0,0.2,0.4,0.6,0.25,0.15,4,3,25,177,201,6000,683.4,66.5763,538,798,9.7419,51.66,0.05,273374.88,222.64
candidate_by_node_v2,candidate=0.2,500,2000,6400,0.5,1.5,1.5,0.65,150.0,0.2,0.2,0.6,0.25,0.15,4,3,25,177,201,6000,236.6,296.5905,37,816,125.3552,83.27,0.05,90790.92,48.72
candidate_by_node_v2,candidate=0.3,500,2000,6400,0.5,1.5,1.5,0.65,150.0,0.2,0.3,0.6,0.25,0.15,4,3,25,177,201,6000,665,146.8411,52,811,22.0814,52.96,0.06,266019.28,202.71
candidate_by_node_v2,candidate=0.4,500,2000,6400,0.5,1.5,1.5,0.65,150.0,0.2,0.4,0.6,0.25,0.15,4,3,25,177,201,6000,698.56,60.3351,498,800,8.6371,50.58,0.05,279438.96,235.81
candidate_by_node_v2,candidate=0.5,500,2000,6400,0.5,1.5,1.5,0.65,150.0,0.2,0.5,0.6,0.25,0.15,4,3,25,177,201,6000,690.2,76.1698,540,817,11.0359,51.18,0.05,276078.92,239.88
ch_ratio_by_node_v2,Pc=0.1,500,2000,6400,0.5,1.5,1.5,0.65,150.0,0.1,0.4,0.6,0.25,0.15,4,3,25,177,201,6000,560.48,128.5542,60,700,22.9364,60.37,0.05,112290.96,108.05
ch_ratio_by_node_v2,Pc=0.15,500,2000,6400,0.5,1.5,1.5,0.65,150.0,0.15,0.4,0.6,0.25,0.15,4,3,25,177,201,6000,663.08,65.5011,438,739,9.8783,53.11,0.05,198989.4,169.03
ch_ratio_by_node_v2,Pc=0.2,500,2000,6400,0.5,1.5,1.5,0.65,150.0,0.2,0.4,0.6,0.25,0.15,4,3,25,177,201,6000,698.56,60.3351,498,800,8.6371,50.58,0.05,279438.96,234.5
ch_ratio_by_node_v2,Pc=0.25,500,2000,6400,0.5,1.5,1.5,0.65,150.0,0.25,0.4,0.6,0.25,0.15,4,3,25,177,201,6000,697.68,47.5956,580,796,6.822,50.63,0.05,348844.56,283.23
ch_ratio_by_node_v2,Pc=0.3,500,2000,6400,0.5,1.5,1.5,0.65,150.0,0.3,0.4,0.6,0.25,0.15,4,3,25,177,201,6000,654.6,68.438,499,759,10.4549,53.66,0.05,392758.96,348.44
weight_by_node_v2,default,500,2000,6400,0.5,1.5,1.5,0.65,150.0,0.2,0.4,0.6,0.25,0.15,4,3,25,177,201,6000,698.56,60.3351,498,800,8.6371,50.58,0.05,279438.96,256.97
weight_by_node_v2,energy-focused,500,2000,6400,0.5,1.5,1.5,0.65,150.0,0.2,0.4,0.75,0.15,0.1,4,3,25,177,201,6000,658.12,76.9219,460,759,11.6881,53.45,0.05,263266.12,223.95
weight_by_node_v2,distance-focused,500,2000,6400,0.5,1.5,1.5,0.65,150.0,0.2,0.4,0.45,0.45,0.1,4,3,25,177,201,6000,688.04,47.7765,598,778,6.9439,51.33,0.05,275246.2,244.29
weight_by_node_v2,degree-focused,500,2000,6400,0.5,1.5,1.5,0.65,150.0,0.2,0.4,0.45,0.15,0.4,4,3,25,177,201,6000,670.84,56.1424,558,758,8.369,52.55,0.05,268350.16,208.21
weight_by_node_v2,balanced,500,2000,6400,0.5,1.5,1.5,0.65,150.0,0.2,0.4,0.34,0.33,0.33,4,3,25,177,201,6000,690.68,53.5468,558,774,7.7528,51.15,0.05,276292.52,240.83
