suite,space_m,node_count,packet_size_bits,initial_energy_j,pso_c1,pso_c2,pso_omega,transmission_range_m,cluster_head_ratio,eulc_candidate_ratio,pso_particles,pso_iterations,runs,seed_start,seed_end,max_rounds,fnd_mean,fnd_std,fnd_min,fnd_max,hnd_mean,lnd_mean,first_5pct_mean,residual_energy_pct_at_stop,dead_nodes_pct_at_stop,packets_received_mean,alive_nodes_mean,censored_runs,elapsed_sec
energy_sweep_100m_v2,100,100,6400,0.25,1.5,1.5,0.65,150.0,0.2,0.2,4,3,3,42,44,6000,14,0.8165,13,15,,,,98.05,1.0,83,99,0,0.48
energy_sweep_100m_v2,100,200,6400,0.25,1.5,1.5,0.65,150.0,0.2,0.2,4,3,3,42,44,6000,18,1.633,16,20,,,,97.49,0.5,233.6667,199,0,0.28
energy_sweep_100m_v2,100,300,6400,0.25,1.5,1.5,0.65,150.0,0.2,0.2,4,3,3,42,44,6000,15,1.4142,13,16,,,,97.9,0.44,235,298.6667,0,0.28
energy_sweep_100m_v2,100,500,6400,0.25,1.5,1.5,0.65,150.0,0.2,0.2,4,3,3,42,44,6000,12.6667,0.4714,12,13,,,,98.23,0.27,319.6667,498.6667,0,0.29
energy_sweep_100m_v2,100,100,6400,0.5,1.5,1.5,0.65,150.0,0.2,0.2,4,3,3,42,44,6000,372.6667,232.7249,60,618,,,,74.05,1.0,2002.3333,99,0,0.52
energy_sweep_100m_v2,100,200,6400,0.5,1.5,1.5,0.65,150.0,0.2,0.2,4,3,3,42,44,6000,319,86.5679,199,400,,,,77.72,0.5,3123,199,0,0.58
energy_sweep_100m_v2,100,300,6400,0.5,1.5,1.5,0.65,150.0,0.2,0.2,4,3,3,42,44,6000,65,9.9331,57,79,,,,95.46,0.33,763.3333,299,0,0.33
energy_sweep_100m_v2,100,500,6400,0.5,1.5,1.5,0.65,150.0,0.2,0.2,4,3,3,42,44,6000,38.6667,1.2472,37,40,,,,97.29,0.2,766.6667,499,0,0.33
energy_sweep_100m_v2,100,100,6400,0.75,1.5,1.5,0.65,150.0,0.2,0.2,4,3,3,42,44,6000,1026.6667,41.0961,980,1080,,,,52.34,1.0,5245.6667,99,0,0.76
energy_sweep_100m_v2,100,200,6400,0.75,1.5,1.5,0.65,150.0,0.2,0.2,4,3,3,42,44,6000,1013,180.235,780,1219,,,,52.84,0.5,11042.6667,199,0,1.33
energy_sweep_100m_v2,100,300,6400,0.75,1.5,1.5,0.65,150.0,0.2,0.2,4,3,3,42,44,6000,1042.6667,162.3522,818,1196,,,,51.37,0.33,15861.6667,299,0,1.88
energy_sweep_100m_v2,100,500,6400,0.75,1.5,1.5,0.65,150.0,0.2,0.2,4,3,3,42,44,6000,819,59.6713,738,880,,,,61.79,0.2,17404.3333,499,0,2.02
energy_sweep_100m_v2,100,100,6400,1.0,1.5,1.5,0.65,150.0,0.2,0.2,4,3,3,42,44,6000,1996,85.3112,1879,2080,,,,30.52,1.0,10622.3333,99,0,1.23
energy_sweep_100m_v2,100,200,6400,1.0,1.5,1.5,0.65,150.0,0.2,0.2,4,3,3,42,44,6000,1684.6667,157.557,1520,1897,,,,41.19,0.5,18233.3333,199,0,1.95
energy_sweep_100m_v2,100,300,6400,1.0,1.5,1.5,0.65,150.0,0.2,0.2,4,3,3,42,44,6000,1717.3333,72.1495,1659,1819,,,,39.97,0.33,25892.3333,299,0,3.34
energy_sweep_100m_v2,100,500,6400,1.0,1.5,1.5,0.65,150.0,0.2,0.2,4,3,3,42,44,6000,1552.6667,82.1394,1459,1659,,,,45.66,0.2,34576.6667,499,0,6.02
energy_sweep_100m_v2,100,100,6400,1.25,1.5,1.5,0.65,150.0,0.2,0.2,4,3,3,42,44,6000,2444.3333,81.4957,2338,2536,,,,31.93,1.0,12887.6667,99,0,1.98
energy_sweep_100m_v2,100,200,6400,1.25,1.5,1.5,0.65,150.0,0.2,0.2,4,3,3,42,44,6000,2434.6667,210.625,2197,2709,,,,31.99,0.5,27065,199,0,3.76
energy_sweep_100m_v2,100,300,6400,1.25,1.5,1.5,0.65,150.0,0.2,0.2,4,3,3,42,44,6000,2005,38.893,1977,2060,,,,43.91,0.33,30835.6667,299,0,3.73
energy_sweep_100m_v2,100,500,6400,1.25,1.5,1.5,0.65,150.0,0.2,0.2,4,3,3,42,44,6000,1912,57.312,1839,1979,,,,46.48,0.2,42205.6667,499,0,6.42
packet_sweep_100m_v2,100,100,3200,0.5,1.5,1.5,0.65,150.0,0.2,0.2,4,3,3,42,44,6000,1651.6667,130.1316,1499,1817,,,,42.33,1.0,8650.3333,99,0,1.39
packet_sweep_100m_v2,100,200,3200,0.5,1.5,1.5,0.65,150.0,0.2,0.2,4,3,3,42,44,6000,1544.3333,79.8763,1440,1634,,,,45.94,0.5,16713,199,0,1.96
packet_sweep_100m_v2,100,300,3200,0.5,1.5,1.5,0.65,150.0,0.2,0.2,4,3,3,42,44,6000,1463.3333,108.2292,1333,1598,,,,48.67,0.33,21853.3333,299,0,2.49
packet_sweep_100m_v2,100,500,3200,0.5,1.5,1.5,0.65,150.0,0.2,0.2,4,3,3,42,44,6000,1259.3333,101.8507,1159,1399,,,,55.81,0.2,27924,499,0,3.71
packet_sweep_100m_v2,100,100,4000,0.5,1.5,1.5,0.65,150.0,0.2,0.2,4,3,3,42,44,6000,1126,151.2768,920,1279,,,,50.92,1.0,6168.3333,99,0,0.98
packet_sweep_100m_v2,100,200,4000,0.5,1.5,1.5,0.65,150.0,0.2,0.2,4,3,3,42,44,6000,1064.3333,150.0341,855,1199,,,,53.44,0.5,11561.6667,199,0,1.53
packet_sweep_100m_v2,100,300,4000,0.5,1.5,1.5,0.65,150.0,0.2,0.2,4,3,3,42,44,6000,782.6667,136.2212,677,975,,,,65.71,0.33,11107,299,0,1.71
packet_sweep_100m_v2,100,500,4000,0.5,1.5,1.5,0.65,150.0,0.2,0.2,4,3,3,42,44,6000,937.6667,76.526,856,1040,,,,58.91,0.2,19755,499,0,2.71
packet_sweep_100m_v2,100,100,5200,0.5,1.5,1.5,0.65,150.0,0.2,0.2,4,3,3,42,44,6000,714,89.0992,602,820,,,,59.62,1.0,3709,99,0,0.64
packet_sweep_100m_v2,100,200,5200,0.5,1.5,1.5,0.65,150.0,0.2,0.2,4,3,3,42,44,6000,645.3333,98.7331,519,760,,,,63.35,0.5,6879.3333,199,0,1.1
packet_sweep_100m_v2,100,300,5200,0.5,1.5,1.5,0.65,150.0,0.2,0.2,4,3,3,42,44,6000,398.3333,269.4195,79,738,,,,77.34,0.33,5466.6667,299,0,1.15
packet_sweep_100m_v2,100,500,5200,0.5,1.5,1.5,0.65,150.0,0.2,0.2,4,3,3,42,44,6000,178.6667,156.7638,57,400,,,,89.83,0.2,3276,499,0,1.04
packet_sweep_100m_v2,100,100,6400,0.5,1.5,1.5,0.65,150.0,0.2,0.2,4,3,3,42,44,6000,372.6667,232.7249,60,618,,,,74.05,1.0,2002.3333,99,0,0.56
packet_sweep_100m_v2,100,200,6400,0.5,1.5,1.5,0.65,150.0,0.2,0.2,4,3,3,42,44,6000,319,86.5679,199,400,,,,77.72,0.5,3123,199,0,0.65
packet_sweep_100m_v2,100,300,6400,0.5,1.5,1.5,0.65,150.0,0.2,0.2,4,3,3,42,44,6000,65,9.9331,57,79,,,,95.46,0.33,763.3333,299,0,0.38
packet_sweep_100m_v2,100,500,6400,0.5,1.5,1.5,0.65,150.0,0.2,0.2,4,3,3,42,44,6000,38.6667,1.2472,37,40,,,,97.29,0.2,766.6667,499,0,0.41
packet_sweep_100m_v2,100,100,8000,0.5,1.5,1.5,0.65,150.0,0.2,0.2,4,3,3,42,44,6000,336,198.731,56,497,,,,70.8,1.0,1809,99,0,0.63
packet_sweep_100m_v2,100,200,8000,0.5,1.5,1.5,0.65,150.0,0.2,0.2,4,3,3,42,44,6000,144.3333,135.7064,40,336,,,,87.44,0.5,1416.3333,199,0,0.69
packet_sweep_100m_v2,100,300,8000,0.5,1.5,1.5,0.65,150.0,0.2,0.2,4,3,3,42,44,6000,51.3333,16.7398,39,75,,,,95.52,0.44,622,298.6667,0,0.36
packet_sweep_100m_v2,100,500,8000,0.5,1.5,1.5,0.65,150.0,0.2,0.2,4,3,3,42,44,6000,35,0.8165,34,36,,,,96.94,0.2,715.3333,499,0,0.38
pso_coeff_sweep_100m_v2,100,100,6400,0.5,0.5,2.5,0.65,150.0,0.2,0.2,4,3,3,42,44,6000,589,15.5563,578,611,,,,59.04,1.0,3222.3333,99,0,0.62
pso_coeff_sweep_100m_v2,100,200,6400,0.5,0.5,2.5,0.65,150.0,0.2,0.2,4,3,3,42,44,6000,325,201.6747,40,477,,,,77.31,0.5,3388,199,0,0.76
pso_coeff_sweep_100m_v2,100,300,6400,0.5,0.5,2.5,0.65,150.0,0.2,0.2,4,3,3,42,44,6000,51.3333,8.7305,39,58,,,,96.42,0.33,639,299,0,0.36
pso_coeff_sweep_100m_v2,100,500,6400,0.5,0.5,2.5,0.65,150.0,0.2,0.2,4,3,3,42,44,6000,43.6667,8.0554,37,55,,,,96.95,0.2,827.3333,499,0,0.4
pso_coeff_sweep_100m_v2,100,100,6400,0.5,1.0,2.0,0.65,150.0,0.2,0.2,4,3,3,42,44,6000,470,141.6545,277,613,,,,67.32,1.0,2564,99,0,0.6
pso_coeff_sweep_100m_v2,100,200,6400,0.5,1.0,2.0,0.65,150.0,0.2,0.2,4,3,3,42,44,6000,298.3333,187.087,40,477,,,,79.21,0.5,3075.3333,199,0,0.74
pso_coeff_sweep_100m_v2,100,300,6400,0.5,1.0,2.0,0.65,150.0,0.2,0.2,4,3,3,42,44,6000,239.3333,142.549,39,359,,,,83.28,0.33,3289.3333,299,0,0.73
pso_coeff_sweep_100m_v2,100,500,6400,0.5,1.0,2.0,0.65,150.0,0.2,0.2,4,3,3,42,44,6000,51.6667,8.2597,40,58,,,,96.39,0.2,996,499,0,0.4
pso_coeff_sweep_100m_v2,100,100,6400,0.5,1.5,1.5,0.65,150.0,0.2,0.2,4,3,3,42,44,6000,372.6667,232.7249,60,618,,,,74.05,1.0,2002.3333,99,0,0.58
pso_coeff_sweep_100m_v2,100,200,6400,0.5,1.5,1.5,0.65,150.0,0.2,0.2,4,3,3,42,44,6000,319,86.5679,199,400,,,,77.72,0.5,3123,199,0,0.71
pso_coeff_sweep_100m_v2,100,300,6400,0.5,1.5,1.5,0.65,150.0,0.2,0.2,4,3,3,42,44,6000,65,9.9331,57,79,,,,95.46,0.33,763.3333,299,0,0.39
pso_coeff_sweep_100m_v2,100,500,6400,0.5,1.5,1.5,0.65,150.0,0.2,0.2,4,3,3,42,44,6000,38.6667,1.2472,37,40,,,,97.29,0.2,766.6667,499,0,0.38
pso_coeff_sweep_100m_v2,100,100,6400,0.5,2.0,1.0,0.65,150.0,0.2,0.2,4,3,3,42,44,6000,469,77.1535,397,576,,,,67.31,1.0,2419.6667,99,0,0.56
pso_coeff_sweep_100m_v2,100,200,6400,0.5,2.0,1.0,0.65,150.0,0.2,0.2,4,3,3,42,44,6000,264,161.4703,37,399,,,,81.57,0.5,2709,199,0,0.65
pso_coeff_sweep_100m_v2,100,300,6400,0.5,2.0,1.0,0.65,150.0,0.2,0.2,4,3,3,42,44,6000,119,16.3911,100,140,,,,91.68,0.33,1336.6667,299,0,0.47
pso_coeff_sweep_100m_v2,100,500,6400,0.5,2.0,1.0,0.65,150.0,0.2,0.2,4,3,3,42,44,6000,48.6667,20.0389,34,77,,,,96.59,0.2,862.3333,499,0,0.43
pso_coeff_sweep_100m_v2,100,100,6400,0.5,2.5,0.5,0.65,150.0,0.2,0.2,4,3,3,42,44,6000,416.6667,299.2182,40,772,,,,70.94,1.0,2232.6667,99,0,0.64
pso_coeff_sweep_100m_v2,100,200,6400,0.5,2.5,0.5,0.65,150.0,0.2,0.2,4,3,3,42,44,6000,338,117.7568,218,498,,,,76.41,0.5,3313,199,0,0.72
pso_coeff_sweep_100m_v2,100,300,6400,0.5,2.5,0.5,0.65,150.0,0.2,0.2,4,3,3,42,44,6000,65.6667,10.1434,58,80,,,,95.41,0.33,761,299,0,0.38
pso_coeff_sweep_100m_v2,100,500,6400,0.5,2.5,0.5,0.65,150.0,0.2,0.2,4,3,3,42,44,6000,38.6667,0.9428,38,40,,,,97.3,0.2,780.3333,499,0,0.41
objective_weight_sweep_100m_v2,100,100,6400,0.5,1.5,1.5,0.35,150.0,0.2,0.2,4,3,3,42,44,6000,398.3333,242.7651,60,618,,,,72.25,1.0,2159,99,0,0.63
objective_weight_sweep_100m_v2,100,200,6400,0.5,1.5,1.5,0.35,150.0,0.2,0.2,4,3,3,42,44,6000,358.6667,130.6403,199,519,,,,74.96,0.5,3593,199,0,0.84
objective_weight_sweep_100m_v2,100,300,6400,0.5,1.5,1.5,0.35,150.0,0.2,0.2,4,3,3,42,44,6000,65,9.9331,57,79,,,,95.46,0.33,763.3333,299,0,0.36
objective_weight_sweep_100m_v2,100,500,6400,0.5,1.5,1.5,0.35,150.0,0.2,0.2,4,3,3,42,44,6000,38.6667,1.2472,37,40,,,,97.29,0.2,766.6667,499,0,0.37
objective_weight_sweep_100m_v2,100,100,6400,0.5,1.5,1.5,0.5,150.0,0.2,0.2,4,3,3,42,44,6000,432.6667,271.6877,60,700,,,,69.85,1.0,2321.6667,99,0,0.58
objective_weight_sweep_100m_v2,100,200,6400,0.5,1.5,1.5,0.5,150.0,0.2,0.2,4,3,3,42,44,6000,352.3333,122.948,199,500,,,,75.4,0.5,3469.6667,199,0,0.69
objective_weight_sweep_100m_v2,100,300,6400,0.5,1.5,1.5,0.5,150.0,0.2,0.2,4,3,3,42,44,6000,65,9.9331,57,79,,,,95.46,0.33,763.3333,299,0,0.33
objective_weight_sweep_100m_v2,100,500,6400,0.5,1.5,1.5,0.5,150.0,0.2,0.2,4,3,3,42,44,6000,38.6667,1.2472,37,40,,,,97.29,0.2,766.6667,499,0,0.35
objective_weight_sweep_100m_v2,100,100,6400,0.5,1.5,1.5,0.65,150.0,0.2,0.2,4,3,3,42,44,6000,372.6667,232.7249,60,618,,,,74.05,1.0,2002.3333,99,0,0.53
objective_weight_sweep_100m_v2,100,200,6400,0.5,1.5,1.5,0.65,150.0,0.2,0.2,4,3,3,42,44,6000,319,86.5679,199,400,,,,77.72,0.5,3123,199,0,0.67
objective_weight_sweep_100m_v2,100,300,6400,0.5,1.5,1.5,0.65,150.0,0.2,0.2,4,3,3,42,44,6000,65,9.9331,57,79,,,,95.46,0.33,763.3333,299,0,0.41
objective_weight_sweep_100m_v2,100,500,6400,0.5,1.5,1.5,0.65,150.0,0.2,0.2,4,3,3,42,44,6000,38.6667,1.2472,37,40,,,,97.29,0.2,766.6667,499,0,0.37
objective_weight_sweep_100m_v2,100,100,6400,0.5,1.5,1.5,0.8,150.0,0.2,0.2,4,3,3,42,44,6000,365.6667,225.4423,60,597,,,,74.56,1.0,1967.3333,99,0,0.54
objective_weight_sweep_100m_v2,100,200,6400,0.5,1.5,1.5,0.8,150.0,0.2,0.2,4,3,3,42,44,6000,364.6667,138.0684,199,537,,,,74.51,0.5,3606.3333,199,0,0.74
objective_weight_sweep_100m_v2,100,300,6400,0.5,1.5,1.5,0.8,150.0,0.2,0.2,4,3,3,42,44,6000,65,9.9331,57,79,,,,95.46,0.33,763.3333,299,0,0.34
objective_weight_sweep_100m_v2,100,500,6400,0.5,1.5,1.5,0.8,150.0,0.2,0.2,4,3,3,42,44,6000,38.6667,1.2472,37,40,,,,97.29,0.2,766.6667,499,0,0.35
range_sweep_100m_v2,100,100,6400,0.5,1.5,1.5,0.65,100.0,0.2,0.2,4,3,3,42,44,6000,559.3333,42.7421,500,599,,,,61.0,1.0,3022.6667,99,0,0.62
range_sweep_100m_v2,100,200,6400,0.5,1.5,1.5,0.65,100.0,0.2,0.2,4,3,3,42,44,6000,310,194.5782,35,456,,,,78.36,0.5,3159,199,0,0.8
range_sweep_100m_v2,100,300,6400,0.5,1.5,1.5,0.65,100.0,0.2,0.2,4,3,3,42,44,6000,150.6667,145.4701,37,356,,,,89.45,0.33,1940.6667,299,0,0.85
range_sweep_100m_v2,100,500,6400,0.5,1.5,1.5,0.65,100.0,0.2,0.2,4,3,3,42,44,6000,43,10.6771,34,58,,,,96.99,0.27,814,498.6667,0,0.43
range_sweep_100m_v2,100,100,6400,0.5,1.5,1.5,0.65,150.0,0.2,0.2,4,3,3,42,44,6000,372.6667,232.7249,60,618,,,,74.05,1.0,2002.3333,99,0,0.73
range_sweep_100m_v2,100,200,6400,0.5,1.5,1.5,0.65,150.0,0.2,0.2,4,3,3,42,44,6000,319,86.5679,199,400,,,,77.72,0.5,3123,199,0,0.85
range_sweep_100m_v2,100,300,6400,0.5,1.5,1.5,0.65,150.0,0.2,0.2,4,3,3,42,44,6000,65,9.9331,57,79,,,,95.46,0.33,763.3333,299,0,0.45
range_sweep_100m_v2,100,500,6400,0.5,1.5,1.5,0.65,150.0,0.2,0.2,4,3,3,42,44,6000,38.6667,1.2472,37,40,,,,97.29,0.2,766.6667,499,0,0.42
range_sweep_100m_v2,100,100,6400,0.5,1.5,1.5,0.65,200.0,0.2,0.2,4,3,3,42,44,6000,372.6667,232.7249,60,618,,,,74.05,1.0,2002.3333,99,0,0.59
range_sweep_100m_v2,100,200,6400,0.5,1.5,1.5,0.65,200.0,0.2,0.2,4,3,3,42,44,6000,319,86.5679,199,400,,,,77.72,0.5,3123,199,0,0.73
range_sweep_100m_v2,100,300,6400,0.5,1.5,1.5,0.65,200.0,0.2,0.2,4,3,3,42,44,6000,65,9.9331,57,79,,,,95.46,0.33,763.3333,299,0,0.39
range_sweep_100m_v2,100,500,6400,0.5,1.5,1.5,0.65,200.0,0.2,0.2,4,3,3,42,44,6000,38.6667,1.2472,37,40,,,,97.29,0.2,766.6667,499,0,0.44
range_sweep_100m_v2,100,100,6400,0.5,1.5,1.5,0.65,250.0,0.2,0.2,4,3,3,42,44,6000,372.6667,232.7249,60,618,,,,74.05,1.0,2002.3333,99,0,0.6
range_sweep_100m_v2,100,200,6400,0.5,1.5,1.5,0.65,250.0,0.2,0.2,4,3,3,42,44,6000,319,86.5679,199,400,,,,77.72,0.5,3123,199,0,0.71
range_sweep_100m_v2,100,300,6400,0.5,1.5,1.5,0.65,250.0,0.2,0.2,4,3,3,42,44,6000,65,9.9331,57,79,,,,95.46,0.33,763.3333,299,0,0.39
range_sweep_100m_v2,100,500,6400,0.5,1.5,1.5,0.65,250.0,0.2,0.2,4,3,3,42,44,6000,38.6667,1.2472,37,40,,,,97.29,0.2,766.6667,499,0,0.45
ch_ratio_sweep_100m_v2,100,100,6400,0.5,1.5,1.5,0.65,150.0,0.1,0.2,4,3,3,42,44,6000,372.6667,232.7249,60,618,,,,74.05,1.0,2002.3333,99,0,0.65
ch_ratio_sweep_100m_v2,100,200,6400,0.5,1.5,1.5,0.65,150.0,0.1,0.2,4,3,3,42,44,6000,319,86.5679,199,400,,,,77.72,0.5,3123,199,0,0.69
ch_ratio_sweep_100m_v2,100,300,6400,0.5,1.5,1.5,0.65,150.0,0.1,0.2,4,3,3,42,44,6000,65,9.9331,57,79,,,,95.46,0.33,763.3333,299,0,0.47
ch_ratio_sweep_100m_v2,100,500,6400,0.5,1.5,1.5,0.65,150.0,0.1,0.2,4,3,3,42,44,6000,38.6667,1.2472,37,40,,,,97.29,0.2,766.6667,499,0,0.35
ch_ratio_sweep_100m_v2,100,100,6400,0.5,1.5,1.5,0.65,150.0,0.15,0.2,4,3,3,42,44,6000,372.6667,232.7249,60,618,,,,74.05,1.0,2002.3333,99,0,0.62
ch_ratio_sweep_100m_v2,100,200,6400,0.5,1.5,1.5,0.65,150.0,0.15,0.2,4,3,3,42,44,6000,319,86.5679,199,400,,,,77.72,0.5,3123,199,0,0.63
ch_ratio_sweep_100m_v2,100,300,6400,0.5,1.5,1.5,0.65,150.0,0.15,0.2,4,3,3,42,44,6000,65,9.9331,57,79,,,,95.46,0.33,763.3333,299,0,0.37
ch_ratio_sweep_100m_v2,100,500,6400,0.5,1.5,1.5,0.65,150.0,0.15,0.2,4,3,3,42,44,6000,38.6667,1.2472,37,40,,,,97.29,0.2,766.6667,499,0,0.37
ch_ratio_sweep_100m_v2,100,100,6400,0.5,1.5,1.5,0.65,150.0,0.2,0.2,4,3,3,42,44,6000,372.6667,232.7249,60,618,,,,74.05,1.0,2002.3333,99,0,0.69
ch_ratio_sweep_100m_v2,100,200,6400,0.5,1.5,1.5,0.65,150.0,0.2,0.2,4,3,3,42,44,6000,319,86.5679,199,400,,,,77.72,0.5,3123,199,0,0.73
ch_ratio_sweep_100m_v2,100,300,6400,0.5,1.5,1.5,0.65,150.0,0.2,0.2,4,3,3,42,44,6000,65,9.9331,57,79,,,,95.46,0.33,763.3333,299,0,0.41
ch_ratio_sweep_100m_v2,100,500,6400,0.5,1.5,1.5,0.65,150.0,0.2,0.2,4,3,3,42,44,6000,38.6667,1.2472,37,40,,,,97.29,0.2,766.6667,499,0,0.41
ch_ratio_sweep_100m_v2,100,100,6400,0.5,1.5,1.5,0.65,150.0,0.25,0.2,4,3,3,42,44,6000,372.6667,232.7249,60,618,,,,74.05,1.0,2002.3333,99,0,0.68
ch_ratio_sweep_100m_v2,100,200,6400,0.5,1.5,1.5,0.65,150.0,0.25,0.2,4,3,3,42,44,6000,319,86.5679,199,400,,,,77.72,0.5,3123,199,0,0.68
ch_ratio_sweep_100m_v2,100,300,6400,0.5,1.5,1.5,0.65,150.0,0.25,0.2,4,3,3,42,44,6000,65,9.9331,57,79,,,,95.46,0.33,763.3333,299,0,0.36
ch_ratio_sweep_100m_v2,100,500,6400,0.5,1.5,1.5,0.65,150.0,0.25,0.2,4,3,3,42,44,6000,38.6667,1.2472,37,40,,,,97.29,0.2,766.6667,499,0,0.41
ch_ratio_sweep_100m_v2,100,100,6400,0.5,1.5,1.5,0.65,150.0,0.3,0.2,4,3,3,42,44,6000,372.6667,232.7249,60,618,,,,74.05,1.0,2002.3333,99,0,0.66
ch_ratio_sweep_100m_v2,100,200,6400,0.5,1.5,1.5,0.65,150.0,0.3,0.2,4,3,3,42,44,6000,319,86.5679,199,400,,,,77.72,0.5,3123,199,0,0.84
ch_ratio_sweep_100m_v2,100,300,6400,0.5,1.5,1.5,0.65,150.0,0.3,0.2,4,3,3,42,44,6000,65,9.9331,57,79,,,,95.46,0.33,763.3333,299,0,0.38
ch_ratio_sweep_100m_v2,100,500,6400,0.5,1.5,1.5,0.65,150.0,0.3,0.2,4,3,3,42,44,6000,38.6667,1.2472,37,40,,,,97.29,0.2,766.6667,499,0,0.39
candidate_ratio_sweep_100m_v2,100,100,6400,0.5,1.5,1.5,0.65,150.0,0.05,0.05,4,3,3,42,44,6000,13,0.0,13,13,,,,99.1,1.0,12,99,0,0.35
candidate_ratio_sweep_100m_v2,100,200,6400,0.5,1.5,1.5,0.65,150.0,0.05,0.05,4,3,3,42,44,6000,11,3.266,7,15,,,,99.23,0.5,23.3333,199,0,0.32
candidate_ratio_sweep_100m_v2,100,300,6400,0.5,1.5,1.5,0.65,150.0,0.05,0.05,4,3,3,42,44,6000,13,1.633,11,15,,,,99.09,0.33,68.6667,299,0,0.32
candidate_ratio_sweep_100m_v2,100,500,6400,0.5,1.5,1.5,0.65,150.0,0.05,0.05,4,3,3,42,44,6000,8.6667,1.2472,7,10,,,,99.39,0.2,66,499,0,0.35
candidate_ratio_sweep_100m_v2,100,100,6400,0.5,1.5,1.5,0.65,150.0,0.1,0.1,4,3,3,42,44,6000,31.3333,8.0554,20,38,,,,97.82,1.0,61.3333,99,0,0.31
candidate_ratio_sweep_100m_v2,100,200,6400,0.5,1.5,1.5,0.65,150.0,0.1,0.1,4,3,3,42,44,6000,23.3333,6.1824,18,32,,,,98.37,0.5,113.6667,199,0,0.32
candidate_ratio_sweep_100m_v2,100,300,6400,0.5,1.5,1.5,0.65,150.0,0.1,0.1,4,3,3,42,44,6000,29.3333,7.3182,19,35,,,,97.94,0.33,253.6667,299,0,0.35
candidate_ratio_sweep_100m_v2,100,500,6400,0.5,1.5,1.5,0.65,150.0,0.1,0.1,4,3,3,42,44,6000,22.3333,6.3421,16,31,,,,98.43,0.2,333,499,0,0.37
candidate_ratio_sweep_100m_v2,100,100,6400,0.5,1.5,1.5,0.65,150.0,0.2,0.2,4,3,3,42,44,6000,372.6667,232.7249,60,618,,,,74.05,1.0,2002.3333,99,0,0.6
candidate_ratio_sweep_100m_v2,100,200,6400,0.5,1.5,1.5,0.65,150.0,0.2,0.2,4,3,3,42,44,6000,319,86.5679,199,400,,,,77.72,0.5,3123,199,0,0.75
candidate_ratio_sweep_100m_v2,100,300,6400,0.5,1.5,1.5,0.65,150.0,0.2,0.2,4,3,3,42,44,6000,65,9.9331,57,79,,,,95.46,0.33,763.3333,299,0,0.39
candidate_ratio_sweep_100m_v2,100,500,6400,0.5,1.5,1.5,0.65,150.0,0.2,0.2,4,3,3,42,44,6000,38.6667,1.2472,37,40,,,,97.29,0.2,766.6667,499,0,0.41
candidate_ratio_sweep_100m_v2,100,100,6400,0.5,1.5,1.5,0.65,150.0,0.3,0.3,4,3,3,42,44,6000,668.6667,105.6577,556,810,,,,53.63,1.0,5551,99,0,0.85
candidate_ratio_sweep_100m_v2,100,200,6400,0.5,1.5,1.5,0.65,150.0,0.3,0.3,4,3,3,42,44,6000,625.6667,9.4281,619,639,,,,56.52,0.5,9936,199,0,1.26
candidate_ratio_sweep_100m_v2,100,300,6400,0.5,1.5,1.5,0.65,150.0,0.3,0.3,4,3,3,42,44,6000,471,75.3304,399,575,,,,67.21,0.33,9651,299,0,1.44
candidate_ratio_sweep_100m_v2,100,500,6400,0.5,1.5,1.5,0.65,150.0,0.3,0.3,4,3,3,42,44,6000,465.6667,115.8543,339,619,,,,67.54,0.2,13394.3333,499,0,2.17
candidate_ratio_sweep_100m_v2,100,100,6400,0.5,1.5,1.5,0.65,150.0,0.4,0.4,4,3,3,42,44,6000,766,89.5433,660,879,,,,47.14,1.0,8592.3333,99,0,1.05
candidate_ratio_sweep_100m_v2,100,200,6400,0.5,1.5,1.5,0.65,150.0,0.4,0.4,4,3,3,42,44,6000,731.3333,25.2234,698,759,,,,49.41,0.5,14227,199,0,1.64
candidate_ratio_sweep_100m_v2,100,300,6400,0.5,1.5,1.5,0.65,150.0,0.4,0.4,4,3,3,42,44,6000,631.3333,84.5945,517,719,,,,56.21,0.33,16368,299,0,2.0
candidate_ratio_sweep_100m_v2,100,500,6400,0.5,1.5,1.5,0.65,150.0,0.4,0.4,4,3,3,42,44,6000,551.3333,10.2089,537,560,,,,61.67,0.2,19586.6667,499,0,2.35
