suite,space_m,node_count,packet_size_bits,initial_energy_j,pso_c1,pso_c2,pso_omega,transmission_range_m,cluster_head_ratio,eulc_candidate_ratio,pso_particles,pso_iterations,runs,seed_start,seed_end,max_rounds,fnd_mean,fnd_std,fnd_min,fnd_max,fnd_cv_pct,residual_energy_pct_at_fnd,dead_nodes_pct_at_fnd,packets_received_mean,elapsed_sec
omega_stress_100m_v2,100,300,6400,0.5,1.5,1.5,0.35,150.0,0.2,0.4,4,3,20,72,91,6000,944.3,72.6272,740,1039,7.6911,36.03,0.33,56595,17.17
omega_stress_100m_v2,100,300,6400,0.5,1.5,1.5,0.5,150.0,0.2,0.4,4,3,20,72,91,6000,976,48.0697,860,1059,4.9252,33.88,0.35,58496.95,22.04
omega_stress_100m_v2,100,300,6400,0.5,1.5,1.5,0.65,150.0,0.2,0.4,4,3,20,72,91,6000,969.35,40.3699,898,1039,4.1646,34.31,0.33,58098,22.73
omega_stress_100m_v2,100,300,6400,0.5,1.5,1.5,0.8,150.0,0.2,0.4,4,3,20,72,91,6000,963.4,52.8369,860,1059,5.4844,34.7,0.33,57741,30.62
candidate_stress_100m_v2,100,300,6400,0.5,1.5,1.5,0.65,150.0,0.2,0.2,4,3,20,72,91,6000,909.55,52.6265,800,997,5.786,37.93,0.35,42035.15,13.57
candidate_stress_100m_v2,100,300,6400,0.5,1.5,1.5,0.65,150.0,0.2,0.3,4,3,20,72,91,6000,941.65,53.3266,839,1038,5.6631,36.24,0.35,55764.95,26.44
candidate_stress_100m_v2,100,300,6400,0.5,1.5,1.5,0.65,150.0,0.2,0.4,4,3,20,72,91,6000,969.35,40.3699,898,1039,4.1646,34.31,0.33,58098,29.04
candidate_stress_100m_v2,100,300,6400,0.5,1.5,1.5,0.65,150.0,0.2,0.5,4,3,20,72,91,6000,984.25,35.1779,916,1058,3.5741,33.3,0.37,59053.7,33.86
range_stress_100m_v2,100,300,6400,0.5,1.5,1.5,0.65,100.0,0.2,0.4,4,3,20,72,91,6000,962.15,51.524,859,1051,5.3551,34.8,0.35,57623.85,32.31
range_stress_100m_v2,100,300,6400,0.5,1.5,1.5,0.65,150.0,0.2,0.4,4,3,20,72,91,6000,969.35,40.3699,898,1039,4.1646,34.31,0.33,58098,33.6
range_stress_100m_v2,100,300,6400,0.5,1.5,1.5,0.65,200.0,0.2,0.4,4,3,20,72,91,6000,962.65,40.921,859,1018,4.2509,34.77,0.33,57695.95,32.79
range_stress_100m_v2,100,300,6400,0.5,1.5,1.5,0.65,250.0,0.2,0.4,4,3,20,72,91,6000,962.65,40.921,859,1018,4.2509,34.77,0.33,57695.95,30.76
space500_scale_stress_v2,500,1000,4000,0.5,1.5,1.5,0.65,150.0,0.2,0.4,4,3,10,72,81,6000,1423.3,50.5372,1339,1480,3.5507,36.91,0.1,284694.9,96.13
space500_scale_stress_v2,500,1000,6400,0.5,1.5,1.5,0.65,150.0,0.2,0.4,4,3,10,72,81,6000,784.3,95.7904,599,880,12.2135,44.49,0.1,156889,49.63
space500_scale_stress_v2,500,1000,6400,1.0,1.5,1.5,0.65,150.0,0.2,0.4,4,3,10,72,81,6000,2056.4,121.7713,1819,2200,5.9216,27.2,0.1,411311,131.08
space500_scale_stress_v2,500,1500,4000,0.5,1.5,1.5,0.65,150.0,0.2,0.4,4,3,10,72,81,6000,1349.9,92.9822,1158,1435,6.8881,40.2,0.07,404991,150.55
space500_scale_stress_v2,500,1500,6400,0.5,1.5,1.5,0.65,150.0,0.2,0.4,4,3,10,72,81,6000,746.3,43.1093,680,819,5.7764,47.21,0.07,223914.8,82.28
space500_scale_stress_v2,500,1500,6400,1.0,1.5,1.5,0.65,150.0,0.2,0.4,4,3,10,72,81,6000,2045.6,86.8299,1880,2178,4.2447,27.6,0.07,613697.1,225.78
space500_scale_stress_v2,500,2000,4000,0.5,1.5,1.5,0.65,150.0,0.2,0.4,4,3,10,72,81,6000,1254.4,82.5254,1098,1340,6.5789,44.43,0.05,501780.9,192.46
space500_scale_stress_v2,500,2000,6400,0.5,1.5,1.5,0.65,150.0,0.2,0.4,4,3,10,72,81,6000,699.5,42.4341,637,775,6.0663,50.52,0.06,279816.6,115.1
space500_scale_stress_v2,500,2000,6400,1.0,1.5,1.5,0.65,150.0,0.2,0.4,4,3,10,72,81,6000,1941.7,118.5715,1680,2115,6.1066,31.28,0.05,776699,346.58
space500_scale_stress_v2,500,2500,4000,0.5,1.5,1.5,0.65,150.0,0.2,0.4,4,3,10,72,81,6000,1259.8,71.1278,1119,1359,5.646,44.21,0.04,629916.9,319.27
space500_scale_stress_v2,500,2500,6400,0.5,1.5,1.5,0.65,150.0,0.2,0.4,4,3,10,72,81,6000,677.5,42.8818,599,740,6.3294,52.1,0.04,338772.8,171.48
space500_scale_stress_v2,500,2500,6400,1.0,1.5,1.5,0.65,150.0,0.2,0.4,4,3,10,72,81,6000,1882.5,106.2923,1680,2120,5.6463,33.41,0.04,941271,435.85
space500_scale_stress_v2,500,1000,6400,0.5,1.5,1.5,0.65,150.0,0.2,0.4,4,3,20,82,101,6000,796.4,38.3724,698,859,4.8182,43.6,0.1,159314.05,108.89
ch_ratio_stress_100m_v2,100,300,6400,0.5,1.5,1.5,0.65,150.0,0.1,0.4,4,3,20,72,91,6000,688.45,79.9465,518,840,11.6125,52.24,0.33,20652.5,9.39
ch_ratio_stress_100m_v2,100,300,6400,0.5,1.5,1.5,0.65,150.0,0.15,0.4,4,3,20,72,91,6000,886.7,60.8795,680,959,6.8658,39.22,0.35,39900.45,14.81
ch_ratio_stress_100m_v2,100,300,6400,0.5,1.5,1.5,0.65,150.0,0.2,0.4,4,3,20,72,91,6000,969.35,40.3699,898,1039,4.1646,34.31,0.33,58098,21.04
ch_ratio_stress_100m_v2,100,300,6400,0.5,1.5,1.5,0.65,150.0,0.25,0.4,4,3,20,72,91,6000,995.9,63.0729,860,1079,6.3333,33.43,0.33,73896.05,30.81
ch_ratio_stress_100m_v2,100,300,6400,0.5,1.5,1.5,0.65,150.0,0.3,0.4,4,3,20,72,91,6000,1015.6,40.9114,920,1075,4.0283,32.5,0.35,79721.85,24.98
space500_scale_stress_v2,500,1000,4000,1.0,1.5,1.5,0.65,150.0,0.2,0.4,4,3,10,72,81,6000,3476,127.3303,3297,3718,3.6631,22.95,0.1,695235,238.78
space500_scale_stress_v2,500,1500,4000,1.0,1.5,1.5,0.65,150.0,0.2,0.4,4,3,10,72,81,6000,3491.8,111.5704,3318,3660,3.1952,22.62,0.07,1047557,382.27
space500_scale_stress_v2,500,2000,4000,1.0,1.5,1.5,0.65,150.0,0.2,0.4,4,3,10,72,81,6000,3370.1,203.7172,2960,3615,6.0448,25.31,0.06,1348058.9,574.07
space500_scale_stress_v2,500,2500,4000,1.0,1.5,1.5,0.65,150.0,0.2,0.4,4,3,10,72,81,6000,3395.9,110.0095,3200,3538,3.2395,24.77,0.04,1697965,816.26
space500_scale_stress_v2,500,1000,4000,0.5,1.5,1.5,0.65,150.0,0.2,0.4,4,3,20,82,101,6000,1415.3,66.9291,1298,1536,4.729,37.24,0.1,283091,151.93
space500_scale_stress_v2,500,1000,4000,1.0,1.5,1.5,0.65,150.0,0.2,0.4,4,3,20,82,101,6000,3499.2,181.4692,3099,3739,5.186,22.4,0.1,699875,399.44
space500_scale_stress_v2,500,1000,6400,1.0,1.5,1.5,0.65,150.0,0.2,0.4,4,3,20,82,101,6000,2070.1,90.1559,1939,2256,4.3551,26.67,0.1,414053,232.49
space500_scale_stress_v2,500,1500,4000,0.5,1.5,1.5,0.65,150.0,0.2,0.4,4,3,20,82,101,6000,1337.45,124.9098,1020,1538,9.3394,40.75,0.07,401259.9,237.87
space500_scale_stress_v2,500,1500,4000,1.0,1.5,1.5,0.65,150.0,0.2,0.4,4,3,20,82,101,6000,3534.8,119.9131,3298,3738,3.3924,21.67,0.08,1060463.85,704.75
space500_scale_stress_v2,500,1500,6400,0.5,1.5,1.5,0.65,150.0,0.2,0.4,4,3,20,82,101,6000,716.7,93.8888,520,837,13.1002,49.3,0.07,215032,139.39
space500_scale_stress_v2,500,1500,6400,1.0,1.5,1.5,0.65,150.0,0.2,0.4,4,3,20,82,101,6000,2036.7,103.6036,1760,2197,5.0868,27.92,0.07,611035,400.82
space500_scale_stress_v2,500,2000,4000,0.5,1.5,1.5,0.65,150.0,0.2,0.4,4,3,20,82,101,6000,1298.2,71.2303,1158,1460,5.4869,42.49,0.05,519304.05,374.73
space500_scale_stress_v2,500,2000,4000,1.0,1.5,1.5,0.65,150.0,0.2,0.4,4,3,20,82,101,6000,3400.3,148.5564,3139,3657,4.3689,24.65,0.05,1360145,931.1
space500_scale_stress_v2,500,2000,6400,0.5,1.5,1.5,0.65,150.0,0.2,0.4,4,3,20,82,101,6000,697.1,67.2881,518,800,9.6526,50.68,0.05,278862,179.96
space500_scale_stress_v2,500,2000,6400,1.0,1.5,1.5,0.65,150.0,0.2,0.4,4,3,20,82,101,6000,1946.3,112.4976,1679,2099,5.7801,31.12,0.05,778546,553.87
space500_scale_stress_v2,500,2500,4000,0.5,1.5,1.5,0.65,150.0,0.2,0.4,4,3,20,82,101,6000,1233.3,112.9128,980,1418,9.1553,45.39,0.04,616669.9,525.62
space500_scale_stress_v2,500,2500,4000,1.0,1.5,1.5,0.65,150.0,0.2,0.4,4,3,20,82,101,6000,3396.45,121.1877,3180,3619,3.5681,24.77,0.04,1698242,1445.05
space500_scale_stress_v2,500,2500,6400,0.5,1.5,1.5,0.65,150.0,0.2,0.4,4,3,20,82,101,6000,676,59.8306,559,799,8.8507,52.2,0.04,338013.95,297.05
space500_scale_stress_v2,500,2500,6400,1.0,1.5,1.5,0.65,150.0,0.2,0.4,4,3,20,82,101,6000,1907.4,109.6195,1698,2117,5.7471,32.53,0.04,953716.95,843.24
space500_scale_stress_v2,500,2500,6400,1.0,1.5,1.5,0.65,150.0,0.2,0.4,4,3,20,82,101,6000,1907.4,109.6195,1698,2117,5.7471,32.53,0.04,953716.95,810.47
